cdscod;studente;avg_trial_error_index;avg_difficulty_index;fast_and_furios_index;gold_mortarboard_score;position
581;36080A9FA3E3D65BA316B7D812951C3980B7FE9A;0.55;0.729;0.771;0.705;1
581;0A484D27B7909C27B9FE008045C42DB8CF3F1FC8;0.668;0.779;0.68;0.702;2
581;C411748D16426C60F7A026739AFD9797C002180C;0.55;0.729;0.751;0.695;3
581;8ED257F63BC0BD79CD64D23F87734791088DA37F;0.641;0.767;0.683;0.694;4
581;A3A447D08588CB958965F818CFD707DBB7A49CC6;0.637;0.773;0.682;0.694;5
581;257DCBFB2E87DA231A995AD2105A7CCA37835985;0.564;0.734;0.736;0.693;6
E0201Q;4108E5CB8F727543761790D627A07BE53EF2B792;0.522;0.712;0.786;0.702;1
E1301Q;94121DDBDF67F23FCD8A032F9612EFF8D52C7708;0.514;0.691;0.803;0.703;1
E1401A;353BB1467218E9352A781E9B2801DAC9BB464744;0.42;0.728;0.85;0.712;1
E1401A;05B25C15EA9FCD8E246FC244DE068089D9825C0D;0.42;0.728;0.844;0.709;2
E1501N;945F04FA74B27861906076A74DA8218F02716B64;0.328;0.375;0.864;0.608;1
E1501N;9D3913892982BFC2FFAB4339265951004EDEEAA9;0.308;0.434;0.815;0.593;2
E1601N;F01FA2AEEFBDAEC7D7B8EAD5D9A11E97C27498A4;0.131;0.497;0.843;0.579;1
E1601N;1198AEDF07CC5E5EC388E10BF5B261E75AE272BB;0.131;0.497;0.836;0.575;2
E1801M;6DE478FAA272DA3151F399D0F7FE726B2F2D8CB4;0.294;0.51;0.839;0.621;1
E1801M;89BF682A739CB94E9ED551EE0E98C3C51D1D6CB6;0.226;0.605;0.813;0.614;2
E1801M;ED57AAEF7426F2647BAD7CB97F1DF448C7C28634;0.226;0.605;0.795;0.605;3
E1802M;A9C88E79903FDEBBEB18B98CF98647282582A2F1;0.425;0.599;0.849;0.681;1
E1802M;29F57F4F17D97FF75799674216590AAD96AA6868;0.425;0.599;0.837;0.675;2
E1802M;6C781282493B5202138A34761289D2410D1B58E0;0.425;0.599;0.83;0.671;3
E1803M;FFA9FF1623DB96CC577D5C8DF7BA7A2884C11020;0.335;0.652;0.874;0.684;1
E1803M;9D952226C15A5236AFDEEEE54E67633F3EF62528;0.334;0.637;0.881;0.683;2
E1803M;C59787157F9CBBB39E4A6F2AC91611827DC98997;0.335;0.652;0.846;0.67;3
E1901R;3926527819D1EFBB99C5B17D0256CB01DE932313;0.488;0.703;0.78;0.688;1
E1901R;31163FDFBB68DB3B78066F07E7708134BE7C4403;0.487;0.688;0.773;0.68;2
E1901R;3CA9644595573FD3D18EDA62CCC782F3FB40D850;0.518;0.706;0.742;0.677;3
E1901R;F7F68C146CF5186217E0428BA358776A17A340EF;0.503;0.701;0.752;0.677;4
E1901R;1A6D44891E0FE83807EEC156AAB2C481CD230A5B;0.487;0.688;0.762;0.675;5
E1901R;5C32075845311E0E9772B4E2BBD0256053312899;0.479;0.635;0.782;0.67;6
E2001R;7C76D0051AB08285A002EDA5623E4C7C5EB4B8A9;0.329;0.565;0.799;0.623;1
E2001R;16FC2C97D92BB1CD41B53C14BA033390DE081084;0.227;0.65;0.8;0.619;2
E2004P;051D84E56B8DE36EA393B26B1E02DE41F0DA231A;0.5;0.562;0.81;0.671;1
E2401P;EF79B4BE6893F46CC1727829DB21DB94E386D53D;0.545;0.755;0.832;0.741;1
E2401P;85F13D591AB982F69412C86943B8F23AFEE69E34;0.545;0.755;0.823;0.737;2
E2401P;9BE7163C1A979510A2AA6CEED88399AD300A68A1;0.532;0.724;0.837;0.733;3
E2401P;D887059A285BD14432193A4AF3AE628D9C8D9DA0;0.532;0.724;0.835;0.732;4
E2401P;C54CC9F1B336296BDCA26542FE5B13E066E4F73B;0.524;0.718;0.834;0.728;5
E2701Q;16473316789FF6ADA3A6CAEAC02CE2B65420F156;0.361;0.408;0.867;0.626;1
E2702Q;3AAD48F89B149F17714E4CD58E204431088D0D01;0.331;0.585;0.88;0.669;1
E3001Q;7113D0AE6FC460A1AF0BBF3413613376ADE44441;0.441;0.515;0.868;0.673;1
E3001Q;0BF16A70108970FF92863AAFAF9ED4D31798A380;0.44;0.542;0.827;0.659;2
E3002Q;60D1DF32D52394AF0E91C5D87659FF6B20B2AA68;0.481;0.673;0.849;0.713;1
E3101Q;EBB9B00C71EB4B14B5D4BD20DEEFE18948952724;0.36;0.516;0.837;0.638;1
E3101Q;C1A24E7FEE65D3A206F9A7BE9624D23302735AA6;0.36;0.516;0.818;0.628;2
E3101Q;26326324C49DA98C54938CD738B09B270472A30E;0.36;0.516;0.815;0.627;3
E3201Q;5FF2D139A75680814F24FD3A4E98CDBD422F3AB4;0.397;0.595;0.844;0.67;1
E3301M;9C8F28E22A3D7FD60695DFA791C0342D69DCF716;0.232;0.658;0.874;0.66;1
E3301M;B70A1193A41044C8E4E25CF591CEA832E9CF23B6;0.232;0.655;0.875;0.659;2
E3401Q;7121C28722437FD78515F3FCCFC4EAF253EC6F56;0.566;0.665;0.822;0.719;1
E3501Q;F9836418397B17207BCD6A5B1190BC250680100F;0.472;0.669;0.849;0.71;1
E3901N;77A5CABC96A988BD89E1AB2B3509D036D8BB94E0;0.236;0.438;0.781;0.559;1
E4001N;F18183A8F50C1B317649277482C566CF652A5D80;0.223;0.486;0.837;0.596;1
E4001N;D33123CFC18C4272773949829170712606CC7764;0.21;0.456;0.848;0.591;2
E4001N;D2A33AA17FFADA3293AD4198A93521B31EF27CD5;0.218;0.438;0.82;0.574;3
E4101B;A0469D91B4B932DCA83D621F7F559707482C8AA2;0.48;0.709;0.815;0.705;1
E4102B;F735F275BCF0591D4003180861DAEDBDF7F134A4;0.503;0.886;0.831;0.763;1
F0101R;D3055218675DCB297C285DEFD8A8A9EBA3E64EF5;0.597;0.65;0.767;0.695;1
F0601Q;FADFCEC5D9561169924F33531A4804D7E1BB7DFD;0.213;0.39;0.914;0.608;1
F0802Q;101C1CD333B376B1052D06AA8B4A1F9AFFCC6FE6;0.497;0.472;0.799;0.642;1
F0901D;22AB7D74FBDCF264DF92A6482FBA73B9BF42EB28;0.357;0.463;0.887;0.649;1
F1601M;2D9683AD214F179C3316A792EDACF37AA0459277;0.232;0.367;0.858;0.579;1
F1701Q;47C50B8B2A359EBC94C227C0C01A8A69CE657313;0.292;0.273;0.831;0.557;1
F1801Q;7859E22FBAF471AE082351818C1B3ACFED824870;0.434;0.515;0.773;0.624;1
F4001Q;7F5D5C4AAE358C79FE243C0F510735545C5A76FE;0.275;0.41;0.773;0.558;1
F4901N;7E1145A5BD7C7D3F9A4B1993FE23BBB750ADF0D2;0.465;0.575;0.902;0.711;1
F5102P;759B0F561539AA6049D2891EFE29D8042C95CFBB;0.336;0.54;0.868;0.653;1
F5103P;245AE8929CC2BB9E93CDF1FB28BA48EED777373E;0.401;0.529;0.835;0.65;1
F5104P;6AA26978F2330548295833B5E64C8B7492784DA6;0.62;0.82;0.739;0.73;1
F5301Q;1454EA2D423DF97B74A1C06215B95FBEB779EA6E;0.173;0.264;0.801;0.51;1
F5401Q;67566503DAA57502D6B442F3E2C8D156078A8D3D;0.196;0.519;0.823;0.59;1
F5602M;8B2F5276455A344A123736AF08BFC71A97A0F67E;0.362;0.666;0.867;0.691;1
F5701R;356AE2E4F9220F2132F463405AA6AEBE63487721;0.371;0.651;0.818;0.665;1
F5801Q;3B22DAD9B8B169184E31AEEC0E042EB6E9698CE8;0.499;0.571;0.779;0.657;1
F6302N;B1F45A63729383DD4C2E68156748B9C9FF36BC94;0.118;0.365;0.857;0.549;1
F7401Q;992E2E69631DD97529C3135AF4BDE0BA162BABBA;0.434;0.657;0.767;0.656;1
F7501Q;93E271E4B27A04E6B5CC5B28359E8EF8FC470D4F;0.372;0.498;0.819;0.627;1
F7502Q;8E7DCEC4B8039A400B5A678CD92BA02B08192F53;0.45;0.53;0.833;0.662;1
F7601M;D22A5EA20403F67A28AA32BDEE9A2F63D1B9411D;0.343;0.561;0.865;0.659;1
F7701M;BB341153D3D3097B050718602DE2F9C8E5953FF8;0.315;0.563;0.726;0.583;1
F7702M;62E78F714820D1C816618A818EFF3FF8E395CBD2;0.4;0.701;0.82;0.685;1
F8203B;5775C5762E83D89876C3C179BF5F50BE9AD475E3;0.341;0.413;0.826;0.602;1
F8204B;F8B514448ED229DDA9255C2CA3A762A48A95B0BA;0.433;0.549;0.821;0.656;1
F8501R;140854698E7F95C291741097F81B770EBD6D97DE;0.36;0.544;0.837;0.645;1
F8701N;1AF82C93D7905B295DFF8FFC62E05C907848507A;0.215;0.409;0.891;0.602;1
F8801N;3F73E0DB458D7FBEA3E6D83EAC349E48922EDA38;0.272;0.566;0.879;0.649;1
F9201P;4FEA96E52B571EE602D709CF58BD2991EB9DD714;0.232;0.502;0.825;0.596;1
G8501R;21158C4624C73AD699003339515FCE5F4F6623EB;0.403;0.789;0.633;0.615;1
G8501R;7007C0A7F5F916AF73652D74BA558C7F5A84150A;0.224;0.639;0.791;0.611;2
G8501R;8BAF118B8B3210ED89BBC513B878167B32E712C7;0.224;0.639;0.786;0.609;3
G8501R;01725E4F4E4BDB5758455A95F2BBC5B365CA116E;0.249;0.7;0.742;0.608;4
G8501R;07672AB265524A0D48E2E0669EB8667F153B9830;0.224;0.639;0.782;0.607;5
G8501R;25C4242E7A0737C8F49BE194926A538E88307FF5;0.224;0.639;0.782;0.607;6
H4101D;42E25A42E4A3146F38438469AE233C408A6EED97;0.705;0.875;0.685;0.738;1
H4101D;B2C0E4E0ADEC3AB94B37D7A00E51A3FBA2A6E8C3;0.471;0.683;0.839;0.708;2
H4101D;BF878E68A1218BBED4AE5A453E92B9628A664A4D;0.471;0.683;0.838;0.708;3
H4601D;1069A9497A06FA06867ADB96BFCB0051C5779698;0.255;0.588;0.827;0.624;1
I0101D;F49AFCDB45528CFA1C89C8306E258555EBFF5FFF;0.459;0.652;0.766;0.661;1
I0101D;1D849D8439964B8ADFC2A4E9928CDA1BF8DF35C7;0.38;0.55;0.818;0.642;2
I0101D;DCAE370EFA54E21EDFE75B0A0E7E1C5E9BC3F64B;0.38;0.55;0.817;0.641;3
I0102D;DCFBED22771A2A2C72828F6206C87748A680B27F;0.402;0.629;0.792;0.654;1
I0201D;C674770818B2E68135883ABB73A5202D64798CBC;0.376;0.591;0.852;0.668;1
I0202D;D00503522913B1616779CE9254C96D05DED9D321;0.573;0.673;0.808;0.716;1
I0301D;F75CA118AA15E389D9757DB9E6158C537BEF9BE9;0.129;0.294;0.842;0.527;1
I0302D;1C58CB80AB7F9D9ED7E72C8948A1EBBB69E6BC71;0.105;0.416;0.817;0.539;1
I0303D;186CFE92FE9D0337F2CCD222FC3E131AF4A6D207;0.382;0.591;0.781;0.634;1
